stara,nova,pouziti,stranek,typ,riziko
popup__image,popup_image,2606,60,bem,
popupslider__slide,popup_slide,2606,60,bem,
imageslider__item,gallery_item,2378,60,bem,KÓD
imageslider__slide,gallery_slide,2378,60,bem,KÓD
arrow__icon,arrow_icon,1023,66,bem,KÓD
locales--icon--flag,locales is-icon-flag,546,78,bem,
popupslider,popup,531,60,bem,
arrow__circle,arrow_circle,513,66,bem,KÓD
link__social,link_social,465,87,bem,
footer-social--link,footer-social is-link,390,78,bem,
divider--left--yellow--56,divider is-left-yellow-56,276,21,bem,
sectionfooter__text--small,footer_text is-small,276,87,bem,
hide--mobile,hide-mobile,270,87,utility,
image-23,⚠ ručně – sémantický název,234,78,wf-junk,
locales--link,locales is-link,234,78,bem,
collection__item,collection_item,198,3,bem,
sectionfooter__contact-info__icon,footer_contact-info-icon,180,87,bem,
sectioncollaboration__collection__item__image,collab_collection-item-image,156,6,bem,
sectioncollaboration__collection__item,collab_collection-item,156,6,bem,
sectioncollaboration__collection__item__center,collab_collection-item-center,156,6,bem,
footer__contact-info_link,footer_contact-info_link,156,78,bem,
bottom--48,margin-bottom margin-medium,156,72,utility,
sectionteam__item__link,team_item-link,144,6,bem,
sectionreference__collection__item__position,reference_collection-item-position,138,6,bem,
sectionreference__collection__item__name,reference_collection-item-name,138,6,bem,
popupslider__collection,popup_collection,132,60,bem,
popupslider__list,popup_list,129,60,bem,
popup__background,popup_background,129,60,bem,KÓD
imageslider,gallery,126,60,bem,
imageslider__list,gallery_list,126,60,bem,
text-block,⚠ ručně – sémantický název,126,24,wf-junk,
longtext__button,longtext_button,126,24,bem,KÓD
imageslider__collection,gallery_collection,126,60,bem,KÓD
imageslider__wrapper,gallery_wrapper,117,60,bem,
bottom--24,margin-bottom margin-small,96,21,utility,
bottom--80,margin-bottom margin-large,93,24,utility,
picture--to--top,picture is-to-top,93,3,bem,
text-block-3,⚠ ručně – sémantický název,90,87,wf-junk,
show--de,show is-de,90,87,bem,
button--primary--cf,button is-primary-cf,90,87,bem,
cookies__buttons,cookies_buttons,90,87,bem,
image-18,⚠ ručně – sémantický název,90,87,wf-junk,
cookies__content,cookies_content,90,87,bem,
button--primary--c,button is-primary-c,90,87,bem,
cookiebanner__text,cookiebanner_text,90,87,bem,
show--en,show is-en,90,87,bem,
navbar__background,navbar_background,78,78,bem,
div-block-15,⚠ ručně – sémantický název,78,78,wf-junk,
footer__contact-info__text,footer_contact-info-text,78,78,bem,
code-embed-4,⚠ ručně – sémantický název,78,78,wf-junk,
locales--icon--arrow,locales is-icon-arrow,78,78,bem,
div-block-24,⚠ ručně – sémantický název,78,78,wf-junk,
image-26,⚠ ručně – sémantický název,78,78,wf-junk,
text-block-14,⚠ ručně – sémantický název,78,78,wf-junk,
link-block-3,⚠ ručně – sémantický název,78,78,wf-junk,
div-block-17,⚠ ručně – sémantický název,78,78,wf-junk,
div-block-16,⚠ ručně – sémantický název,78,78,wf-junk,
navbar__link,navbar_link,78,78,bem,
div-block-14,⚠ ručně – sémantický název,78,78,wf-junk,
footer-right--icons-wrapper,footer-right is-icons-wrapper,78,78,bem,
div-block-13,⚠ ručně – sémantický název,78,78,wf-junk,
text-block-13,⚠ ručně – sémantický název,78,78,wf-junk,
code-embed-2,⚠ ručně – sémantický název,78,78,wf-junk,
image__social,image_social,75,15,bem,
sectionteam__collection__item,team_collection-item,72,6,bem,
divider--center--yellow,divider is-center-yellow,72,6,bem,
sectionreference__collection__item__image,reference_collection-item-image,72,3,bem,
sectionteam__item__name,team_item-name,72,6,bem,
sectionreference__collection__item__heading,reference_collection-item-heading,72,3,bem,
sectionteam__item__image,team_item-image,72,6,bem,
sectionteam__contact__wrapper,team_contact-wrapper,72,6,bem,
sectionreference__collection__link,reference_collection-link,72,3,bem,INTERAKCE
sectionteam__item__position,team_item-position,72,6,bem,
referencecollection__item__image,referencecollection_item-image,66,3,bem,
div-block-10,⚠ ručně – sémantický název,66,3,wf-junk,
div-block-21,⚠ ručně – sémantický název,66,3,wf-junk,
referencecollection__item__content,referencecollection_item-content,66,3,bem,
referenceslider__slide,refslider_slide,66,3,bem,
image-8,⚠ ručně – sémantický název,66,3,wf-junk,
sectionreference__collection__item__language,reference_collection-item-language,66,3,bem,KÓD
collaboration__image,collaboration_image,60,6,bem,
bottom--32,margin-bottom margin-small,33,12,utility,
sectionproducts__item,sectionproducts_item,30,3,bem,
sectionhero,hero,30,24,bem,
slider--history__image,slider is-history__image,30,3,bem,
form__field,form_field,30,6,bem,
sectionproducts__item__link,sectionproducts_item-link,30,3,bem,
slider--history__timeline,slider is-history__timeline,30,3,bem,
slider--history__backgroundimage,slider is-history__backgroundimage,30,3,bem,
timeline__group,timeline_group,30,3,bem,
slider--history__frame,slider is-history__frame,30,3,bem,
timeline__center,timeline_center,30,3,bem,
sectionproducts__item__text,sectionproducts_item-text,30,3,bem,
slider--history__text,slider is-history__text,30,3,bem,
slider--history__itemwrapper,slider is-history__itemwrapper,30,3,bem,
slider--history__number--big,slider is-history__number-big,30,3,bem,
sectionproducts__item__image,sectionproducts_item-image,30,3,bem,
div-block-22,⚠ ručně – sémantický název,30,22,wf-junk,
timeline__line,timeline_line,30,3,bem,
sectionfooter__contact-info__text,footer_contact-info-text,24,12,bem,
divider--center--full-width--dark,divider is-center-full-width-dark,24,12,bem,
sectionfooter__contact-info__link,footer_contact-info-link,24,12,bem,
graphic__block,graphic_block,21,6,bem,
bottom--120,margin-bottom margin-xlarge,21,6,utility,
button--primary,button is-primary,21,9,bem,
spacing--32,spacing is-32,21,3,bem,
sectionhero__graphic,hero_graphic,18,18,bem,KÓD
card__link,card_link,18,3,bem,
aboutus__values__text,aboutus_values-text,15,3,bem,
dropdown__content,dropdown_content,15,3,bem,
dropdown__button__icon,dropdown_button-icon,15,3,bem,
dropdown__button__iconbtn,dropdown_button-iconbtn,15,3,bem,
dropdown__content__text,dropdown_content-text,15,3,bem,
dropdown__button,dropdown_button,15,3,bem,
group--horizontal,group is-horizontal,15,3,bem,
dropdown__button__text,dropdown_button-text,15,3,bem,
sectionhero__content,hero_content,12,12,bem,
sectionfooter__watermark__text,footer_watermark-text,12,12,bem,
sectionhero__graphic__bottombar,hero_graphic-bottombar,12,12,bem,KÓD
sectionfooter__text--mid,footer_text is-mid,12,12,bem,
referenceother__text,referenceother_text,12,3,bem,
sectiontopproducts__item__mask,topproducts_item-mask,12,3,bem,
sectionhero__graphic__wrapper,hero_graphic-wrapper,12,12,bem,
sectioncollaboration__collection__wrapper,collab_collection-wrapper,12,6,bem,
productpage__sectionhero__h1,productpage_sectionhero-h1,12,12,bem,
sectionfooter__wrapper__contact-info,footer_wrapper-contact-info,12,12,bem,
sectiontopproducts__item__image,topproducts_item-image,12,3,bem,INTERAKCE
sectionfooter__content,footer_content,12,12,bem,
sectioncollaboration__collection__list,collab_collection-list,12,6,bem,
sectionfooter,footer,12,12,bem,
bottom--160,margin-bottom margin-xxlarge,12,6,utility,
wrapper__item--yellow,wrapper_item is-yellow,12,6,bem,
sectionfooter__text--big,footer_text is-big,12,12,bem,
show--cs,show is-cs,12,12,bem,
sectionhero--products__wrapper__social,hero is-products__wrapper__social,12,12,bem,
aboutus__numbers,aboutus_numbers,12,3,bem,
sectiontopproducts__item,topproducts_item,12,3,bem,INTERAKCE
sectionfooter__watermark,footer_watermark,12,12,bem,
sectiontopproducts__item__heading-2,topproducts_item-heading-2,12,3,bem,
btn-download__text,btn-download_text,9,3,bem,
btn--download__icon,btn is-download__icon,9,3,bem,
sectioncollaboration__heading-2,collab_heading-2,9,6,bem,
card--front,card is-front,9,3,bem,
row--pylony-totemy,row is-pylony-totemy,9,3,bem,
button--download,button is-download,9,3,bem,
image--clipped,image is-clipped,9,3,bem,KÓD
flex--left,flex is-left,9,6,bem,
divider--left--gray--full,divider is-left-gray-full,9,6,bem,
iconify--ic,iconify is-ic,9,3,bem,
card--back,card is-back,9,3,bem,
button--primary-alt,button is-primary-alt,9,3,bem,
margin--null,margin is-null,9,6,bem,
info-block__icon,info-block_icon,9,6,bem,
divider--right--gray--full,divider is-right-gray-full,9,6,bem,
card__wrapper,card_wrapper,9,3,bem,
imageslider__wrapper--small,gallery_wrapper is-small,9,6,bem,
sectionmap__text-2,map_text-2,6,3,bem,
sectionhero--products__text-1,hero is-products__text-1,6,6,bem,
text-block-5,⚠ ručně – sémantický název,6,6,wf-junk,
sectiondisclaimer__text,sectiondisclaimer_text,6,3,bem,
form__checkbox__label,form_checkbox-label,6,6,bem,
form__type1,form_type1,6,6,bem,
sectionhero--contacts__contact-info__link,hero is-contacts__contact-info__link,6,3,bem,
arrow__mask,arrow_mask,6,3,bem,
from--left--40percent,from is-left-40percent,6,3,bem,
sectionhero--contacts__contact-info__text,hero is-contacts__contact-info__text,6,3,bem,
sectionhero--products__heading-1,hero is-products__heading-1,6,6,bem,
body--darkgray,body is-darkgray,6,6,bem,
sectionecology__image,sectionecology_image,6,6,bem,
aboutus__values,aboutus_values,6,3,bem,
sectionteam,team,6,6,bem,
sectionteam__collection_list,team_collection_list,6,6,bem,
sectionteam__wrapper,team_wrapper,6,6,bem,
sectionhero--products,hero is-products,6,6,bem,
sectionhero__graphic__image,hero_graphic-image,6,6,bem,
graphic__image,graphic_image,6,3,bem,
sectionhero--products__wrapper,hero is-products__wrapper,6,6,bem,
width--800,width is-800,6,6,bem,
sectiontopproducts__row,topproducts_row,6,3,bem,
sectioncollaboration,collab,6,6,bem,
sectionhero--contacts__contact-info__icon,hero is-contacts__contact-info__icon,6,3,bem,
from--bottom--24,from is-bottom-24,6,3,bem,
sectionform__heading,sectionform_heading,6,6,bem,
text-block-6,⚠ ručně – sémantický název,6,6,wf-junk,
from--right--40percent,from is-right-40percent,6,3,bem,
sectionreference,reference,6,6,bem,
sectionmap,map,3,3,bem,
body--gray,body is-gray,3,3,bem,
sectionmap__text-1,map_text-1,3,3,bem,
popupslider__close,popup_close,3,3,bem,
hero-rating__stars,hero-rating_stars,3,3,bem,
aboutus__slider,aboutus_slider,3,3,bem,
hero-rating__text,hero-rating_text,3,3,bem,
sectionproducts__heading-2,sectionproducts_heading-2,3,3,bem,
from--opacityzero,from is-opacityzero,3,3,bem,
homepage__hero__heading,homepage_hero-heading,3,3,bem,
divider--center-gray--600,divider is-center-gray-600,3,3,bem,
getintouch__icon,getintouch_icon,3,3,bem,
referenceslider,refslider,3,3,bem,
sectionhero__aboutus__text,hero_aboutus-text,3,3,bem,
sectiontopproducts,topproducts,3,3,bem,
link-block,⚠ ručně – sémantický název,3,3,wf-junk,
referenceslider__collection,refslider_collection,3,3,bem,
slide__navigation,slide_navigation,3,3,bem,
sectionmap__text-1-copy,map_text-1-copy,3,3,bem,
sectionhero--contacts,hero is-contacts,3,3,bem,
doubleimage__wrapper,doubleimage_wrapper,3,3,bem,
sectionhero__text-claim,hero_text-claim,3,3,bem,
sectionmap__content,map_content,3,3,bem,
image,⚠ ručně – sémantický název,3,3,wf-junk,
sectionhero--contacts__text,hero is-contacts__text,3,3,bem,
code-embed,⚠ ručně – sémantický název,3,3,wf-junk,
referenceslider__list,refslider_list,3,3,bem,
sectionhero--contacts__text-2,hero is-contacts__text-2,3,3,bem,
sectionhero--contacts__wrapper__social,hero is-contacts__wrapper__social,3,3,bem,
sectionreference__heading-2,reference_heading-2,3,3,bem,
div-block-11,⚠ ručně – sémantický název,3,3,wf-junk,
graphic__wrapper,graphic_wrapper,3,3,bem,
sectionmap__mapwrapper,map_mapwrapper,3,3,bem,KÓD
collection__wrapper,collection_wrapper,3,3,bem,
getintouch__text,getintouch_text,3,3,bem,
sectionreference__collection__wrapper,reference_collection-wrapper,3,3,bem,
sectionmap__heading-2,map_heading-2,3,3,bem,
collection__list,collection_list,3,3,bem,
referenceslider__wrapper,refslider_wrapper,3,3,bem,
sectionhero__graphic-aboutus,hero_graphic-aboutus,3,3,bem,
slider--history,slider is-history,3,3,bem,
sectionproducts__collection__list,sectionproducts_collection-list,3,3,bem,
mobile--white,mobile is-white,3,3,bem,
sectionhero__icon,hero_icon,3,3,bem,
sectionhero__text-experience--emphasised,hero_text-experience is-emphasised,3,3,bem,
group__info-block,group_info-block,3,3,bem,
sectionhero__backgroundimage,hero_backgroundimage,3,3,bem,
sectionreference__collection__list,reference_collection-list,3,3,bem,
image-13,⚠ ručně – sémantický název,3,3,wf-junk,
sectionhero--contacts__heading-1,hero is-contacts__heading-1,3,3,bem,
wrapper__referenceother,wrapper_referenceother,3,3,bem,
image-22,⚠ ručně – sémantický název,3,3,wf-junk,
sectionhero--contacts__wrapper__contact-info,hero is-contacts__wrapper__contact-info,3,3,bem,
text-block-4,⚠ ručně – sémantický název,2,2,wf-junk,
